symbol,timeframe,event_date,support_low,support_high,label_available_date,prior_success_probability,predicted_probability,baseline_probability,actual_label,model_status,training_sample_count,training_available_until,used_evidence_count,skipped_evidence_count,evidence_details,top_positive_evidence,top_negative_evidence
2408,1d,2026-06-17T16:00:00+00:00,429.626,431.374,2026-07-02T16:00:00+00:00,0.36013986013986016,0.41567843431162405,0.36013986013986016,failure,ready,284,2026-06-02T16:00:00+00:00,6,2,"[{""feature"": ""current_touch_number_bucket"", ""raw_value"": 1.0, ""bucket"": ""1"", ""success_count"": 16, ""failure_count"": 22, ""bucket_count"": 38, ""observed_success_count"": 102, ""observed_failure_count"": 182, ""p_given_success"": 0.16037735849056603, ""p_given_failure"": 0.12365591397849462, ""likelihood_ratio"": 1.2969647251845775, ""log_likelihood_ratio"": 0.26002670772820036, ""low_sample_warning"": false, ""direction"": ""positive""}, {""feature"": ""touch_volume_level"", ""raw_value"": ""elevated"", ""bucket"": ""elevated"", ""success_count"": 20, ""failure_count"": 45, ""bucket_count"": 65, ""observed_success_count"": 102, ""observed_failure_count"": 182, ""p_given_success"": 0.19811320754716982, ""p_given_failure"": 0.24731182795698925, ""likelihood_ratio"": 0.8010664479081214, ""log_likelihood_ratio"": -0.22181137916453797, ""low_sample_warning"": false, ""direction"": ""negative""}, {""feature"": ""volatility_level"", ""raw_value"": ""極高波動"", ""bucket"": ""極高波動"", ""success_count"": 18, ""failure_count"": 29, ""bucket_count"": 47, ""observed_success_count"": 102, ""observed_failure_count"": 182, ""p_given_success"": 0.1792452830188679, ""p_given_failure"": 0.16129032258064516, ""likelihood_ratio"": 1.111320754716981, ""log_likelihood_ratio"": 0.10554917710541933, ""low_sample_warning"": false, ""direction"": ""positive""}, {""feature"": ""support_source_count_bucket"", ""raw_value"": 2.0, ""bucket"": ""2"", ""success_count"": 34, ""failure_count"": 57, ""bucket_count"": 91, ""observed_success_count"": 102, ""observed_failure_count"": 182, ""p_given_success"": 0.330188679245283, ""p_given_failure"": 0.3118279569892473, ""likelihood_ratio"": 1.0588809368900456, ""log_likelihood_ratio"": 0.057212630544128285, ""low_sample_warning"": false, ""direction"": ""neutral""}, {""feature"": ""distance_to_support_atr_bucket"", ""raw_value"": 0.9843558697962668, ""bucket"": ""(0.5,1]"", ""success_count"": 25, ""failure_count"": 41, ""bucket_count"": 66, ""observed_success_count"": 102, ""observed_failure_count"": 182, ""p_given_success"": 0.24528301886792453, ""p_given_failure"": 0.22580645161290322, ""likelihood_ratio"": 1.0862533692722371, ""log_likelihood_ratio"": 0.08273449933924804, ""low_sample_warning"": false, ""direction"": ""neutral""}, {""feature"": ""zone_width_atr_bucket"", ""raw_value"": 0.0611766358673086, ""bucket"": ""<0.5"", ""success_count"": 95, ""failure_count"": 176, ""bucket_count"": 271, ""observed_success_count"": 102, ""observed_failure_count"": 182, ""p_given_success"": 0.9056603773584906, ""p_given_failure"": 0.9516129032258065, ""likelihood_ratio"": 0.9517109050207867, ""log_likelihood_ratio"": -0.049493961504858824, ""low_sample_warning"": false, ""direction"": ""neutral""}]","{""feature"": ""current_touch_number_bucket"", ""raw_value"": 1.0, ""bucket"": ""1"", ""success_count"": 16, ""failure_count"": 22, ""bucket_count"": 38, ""observed_success_count"": 102, ""observed_failure_count"": 182, ""p_given_success"": 0.16037735849056603, ""p_given_failure"": 0.12365591397849462, ""likelihood_ratio"": 1.2969647251845775, ""log_likelihood_ratio"": 0.26002670772820036, ""low_sample_warning"": false, ""direction"": ""positive""}","{""feature"": ""touch_volume_level"", ""raw_value"": ""elevated"", ""bucket"": ""elevated"", ""success_count"": 20, ""failure_count"": 45, ""bucket_count"": 65, ""observed_success_count"": 102, ""observed_failure_count"": 182, ""p_given_success"": 0.19811320754716982, ""p_given_failure"": 0.24731182795698925, ""likelihood_ratio"": 0.8010664479081214, ""log_likelihood_ratio"": -0.22181137916453797, ""low_sample_warning"": false, ""direction"": ""negative""}"
2408,1d,2026-06-25T16:00:00+00:00,466.796,470.64767174465976,2026-07-09T16:00:00+00:00,0.3611111111111111,0.4818514128361617,0.3611111111111111,failure,ready,286,2026-06-22T16:00:00+00:00,6,2,"[{""feature"": ""current_touch_number_bucket"", ""raw_value"": 1.0, ""bucket"": ""1"", ""success_count"": 17, ""failure_count"": 23, ""bucket_count"": 40, ""observed_success_count"": 103, ""observed_failure_count"": 183, ""p_given_success"": 0.16822429906542055, ""p_given_failure"": 0.12834224598930483, ""likelihood_ratio"": 1.3107476635514017, ""log_likelihood_ratio"": 0.2705977099408996, ""low_sample_warning"": false, ""direction"": ""positive""}, {""feature"": ""touch_volume_level"", ""raw_value"": ""normal"", ""bucket"": ""normal"", ""success_count"": 33, ""failure_count"": 57, ""bucket_count"": 90, ""observed_success_count"": 103, ""observed_failure_count"": 183, ""p_given_success"": 0.3177570093457944, ""p_given_failure"": 0.31016042780748665, ""likelihood_ratio"": 1.0244924266838542, ""log_likelihood_ratio"": 0.024197296462422413, ""low_sample_warning"": false, ""direction"": ""neutral""}, {""feature"": ""volatility_level"", ""raw_value"": ""極高波動"", ""bucket"": ""極高波動"", ""success_count"": 19, ""failure_count"": 30, ""bucket_count"": 49, ""observed_success_count"": 103, ""observed_failure_count"": 183, ""p_given_success"": 0.18691588785046728, ""p_given_failure"": 0.1657754010695187, ""likelihood_ratio"": 1.1275248718721735, ""log_likelihood_ratio"": 0.1200248514615252, ""low_sample_warning"": false, ""direction"": ""positive""}, {""feature"": ""support_source_count_bucket"", ""raw_value"": 2.0, ""bucket"": ""2"", ""success_count"": 34, ""failure_count"": 57, ""bucket_count"": 91, ""observed_success_count"": 103, ""observed_failure_count"": 183, ""p_given_success"": 0.32710280373831774, ""p_given_failure"": 0.31016042780748665, ""likelihood_ratio"": 1.0546245568804382, ""log_likelihood_ratio"": 0.05318483333567481, ""low_sample_warning"": false, ""direction"": ""neutral""}, {""feature"": ""distance_to_support_atr_bucket"", ""raw_value"": 0.5403621081489018, ""bucket"": ""(0.5,1]"", ""success_count"": 25, ""failure_count"": 41, ""bucket_count"": 66, ""observed_success_count"": 103, ""observed_failure_count"": 183, ""p_given_success"": 0.24299065420560748, ""p_given_failure"": 0.22459893048128343, ""likelihood_ratio"": 1.0818869603916332, ""log_likelihood_ratio"": 0.07870670213079412, ""low_sample_warning"": false, ""direction"": ""neutral""}, {""feature"": ""zone_width_atr_bucket"", ""raw_value"": 0.1169531054080642, ""bucket"": ""<0.5"", ""success_count"": 96, ""failure_count"": 177, ""bucket_count"": 273, ""observed_success_count"": 103, ""observed_failure_count"": 183, ""p_given_success"": 0.9065420560747663, ""p_given_failure"": 0.9518716577540107, ""likelihood_ratio"": 0.9523784521684343, ""log_likelihood_ratio"": -0.04879278939602191, ""low_sample_warning"": false, ""direction"": ""neutral""}]","{""feature"": ""current_touch_number_bucket"", ""raw_value"": 1.0, ""bucket"": ""1"", ""success_count"": 17, ""failure_count"": 23, ""bucket_count"": 40, ""observed_success_count"": 103, ""observed_failure_count"": 183, ""p_given_success"": 0.16822429906542055, ""p_given_failure"": 0.12834224598930483, ""likelihood_ratio"": 1.3107476635514017, ""log_likelihood_ratio"": 0.2705977099408996, ""low_sample_warning"": false, ""direction"": ""positive""}",null
2408,1d,2026-07-02T16:00:00+00:00,397.9,405.55,2026-07-16T16:00:00+00:00,0.3611111111111111,0.4935274266977637,0.3611111111111111,success,ready,286,2026-06-22T16:00:00+00:00,6,2,"[{""feature"": ""current_touch_number_bucket"", ""raw_value"": 1.0, ""bucket"": ""1"", ""success_count"": 17, ""failure_count"": 23, ""bucket_count"": 40, ""observed_success_count"": 103, ""observed_failure_count"": 183, ""p_given_success"": 0.16822429906542055, ""p_given_failure"": 0.12834224598930483, ""likelihood_ratio"": 1.3107476635514017, ""log_likelihood_ratio"": 0.2705977099408996, ""low_sample_warning"": false, ""direction"": ""positive""}, {""feature"": ""touch_volume_level"", ""raw_value"": ""low"", ""bucket"": ""low"", ""success_count"": 38, ""failure_count"": 46, ""bucket_count"": 84, ""observed_success_count"": 103, ""observed_failure_count"": 183, ""p_given_success"": 0.3644859813084112, ""p_given_failure"": 0.25133689839572193, ""likelihood_ratio"": 1.4501889043547425, ""log_likelihood_ratio"": 0.37169382681226826, ""low_sample_warning"": false, ""direction"": ""positive""}, {""feature"": ""volatility_level"", ""raw_value"": ""極高波動"", ""bucket"": ""極高波動"", ""success_count"": 19, ""failure_count"": 30, ""bucket_count"": 49, ""observed_success_count"": 103, ""observed_failure_count"": 183, ""p_given_success"": 0.18691588785046728, ""p_given_failure"": 0.1657754010695187, ""likelihood_ratio"": 1.1275248718721735, ""log_likelihood_ratio"": 0.1200248514615252, ""low_sample_warning"": false, ""direction"": ""positive""}, {""feature"": ""support_source_count_bucket"", ""raw_value"": 1.0, ""bucket"": ""1"", ""success_count"": 58, ""failure_count"": 115, ""bucket_count"": 173, ""observed_success_count"": 103, ""observed_failure_count"": 183, ""p_given_success"": 0.5514018691588785, ""p_given_failure"": 0.6203208556149733, ""likelihood_ratio"": 0.8888978407992264, ""log_likelihood_ratio"": -0.11777296480796495, ""low_sample_warning"": false, ""direction"": ""negative""}, {""feature"": ""distance_to_support_atr_bucket"", ""raw_value"": 0.1214715738600092, ""bucket"": ""<=0.25"", ""success_count"": 55, ""failure_count"": 102, ""bucket_count"": 157, ""observed_success_count"": 103, ""observed_failure_count"": 183, ""p_given_success"": 0.5233644859813084, ""p_given_failure"": 0.5508021390374331, ""likelihood_ratio"": 0.9501860085291716, ""log_likelihood_ratio"": -0.05109751510180616, ""low_sample_warning"": false, ""direction"": ""neutral""}, {""feature"": ""zone_width_atr_bucket"", ""raw_value"": 0.2352550734250828, ""bucket"": ""<0.5"", ""success_count"": 96, ""failure_count"": 177, ""bucket_count"": 273, ""observed_success_count"": 103, ""observed_failure_count"": 183, ""p_given_success"": 0.9065420560747663, ""p_given_failure"": 0.9518716577540107, ""likelihood_ratio"": 0.9523784521684343, ""log_likelihood_ratio"": -0.04879278939602191, ""low_sample_warning"": false, ""direction"": ""neutral""}]","{""feature"": ""touch_volume_level"", ""raw_value"": ""low"", ""bucket"": ""low"", ""success_count"": 38, ""failure_count"": 46, ""bucket_count"": 84, ""observed_success_count"": 103, ""observed_failure_count"": 183, ""p_given_success"": 0.3644859813084112, ""p_given_failure"": 0.25133689839572193, ""likelihood_ratio"": 1.4501889043547425, ""log_likelihood_ratio"": 0.37169382681226826, ""low_sample_warning"": false, ""direction"": ""positive""}","{""feature"": ""support_source_count_bucket"", ""raw_value"": 1.0, ""bucket"": ""1"", ""success_count"": 58, ""failure_count"": 115, ""bucket_count"": 173, ""observed_success_count"": 103, ""observed_failure_count"": 183, ""p_given_success"": 0.5514018691588785, ""p_given_failure"": 0.6203208556149733, ""likelihood_ratio"": 0.8888978407992264, ""log_likelihood_ratio"": -0.11777296480796495, ""low_sample_warning"": false, ""direction"": ""negative""}"
2408,1d,2026-07-15T16:00:00+00:00,446.58718947859086,448.5111894785909,2026-07-29T16:00:00+00:00,0.3586206896551724,0.3796110143815904,0.3586206896551724,failure,ready,288,2026-07-09T16:00:00+00:00,6,2,"[{""feature"": ""current_touch_number_bucket"", ""raw_value"": 1.0, ""bucket"": ""1"", ""success_count"": 17, ""failure_count"": 25, ""bucket_count"": 42, ""observed_success_count"": 103, ""observed_failure_count"": 185, ""p_given_success"": 0.16822429906542055, ""p_given_failure"": 0.13756613756613756, ""likelihood_ratio"": 1.222861250898634, ""log_likelihood_ratio"": 0.20119340047241896, ""low_sample_warning"": false, ""direction"": ""positive""}, {""feature"": ""touch_volume_level"", ""raw_value"": ""normal"", ""bucket"": ""normal"", ""success_count"": 33, ""failure_count"": 58, ""bucket_count"": 91, ""observed_success_count"": 103, ""observed_failure_count"": 185, ""p_given_success"": 0.3177570093457944, ""p_given_failure"": 0.31216931216931215, ""likelihood_ratio"": 1.0178995723111042, ""log_likelihood_ratio"": 0.017741261308178213, ""low_sample_warning"": false, ""direction"": ""neutral""}, {""feature"": ""volatility_level"", ""raw_value"": ""極高波動"", ""bucket"": ""極高波動"", ""success_count"": 19, ""failure_count"": 32, ""bucket_count"": 51, ""observed_success_count"": 103, ""observed_failure_count"": 185, ""p_given_success"": 0.18691588785046728, ""p_given_failure"": 0.1746031746031746, ""likelihood_ratio"": 1.070518266779949, ""log_likelihood_ratio"": 0.06814289268524698, ""low_sample_warning"": false, ""direction"": ""neutral""}, {""feature"": ""support_source_count_bucket"", ""raw_value"": 1.0, ""bucket"": ""1"", ""success_count"": 58, ""failure_count"": 115, ""bucket_count"": 173, ""observed_success_count"": 103, ""observed_failure_count"": 185, ""p_given_success"": 0.5514018691588785, ""p_given_failure"": 0.6137566137566137, ""likelihood_ratio"": 0.8984047695778279, ""log_likelihood_ratio"": -0.10713456660290904, ""low_sample_warning"": false, ""direction"": ""negative""}, {""feature"": ""distance_to_support_atr_bucket"", ""raw_value"": 0.2260465819564575, ""bucket"": ""<=0.25"", ""success_count"": 55, ""failure_count"": 102, ""bucket_count"": 157, ""observed_success_count"": 103, ""observed_failure_count"": 185, ""p_given_success"": 0.5233644859813084, ""p_given_failure"": 0.544973544973545, ""likelihood_ratio"": 0.960348425732692, ""log_likelihood_ratio"": -0.04045911689675041, ""low_sample_warning"": false, ""direction"": ""neutral""}, {""feature"": ""zone_width_atr_bucket"", ""raw_value"": 0.057322098638954, ""bucket"": ""<0.5"", ""success_count"": 96, ""failure_count"": 179, ""bucket_count"": 275, ""observed_success_count"": 103, ""observed_failure_count"": 185, ""p_given_success"": 0.9065420560747663, ""p_given_failure"": 0.9523809523809523, ""likelihood_ratio"": 0.9518691588785048, ""log_likelihood_ratio"": -0.049327691789091306, ""low_sample_warning"": false, ""direction"": ""neutral""}]","{""feature"": ""current_touch_number_bucket"", ""raw_value"": 1.0, ""bucket"": ""1"", ""success_count"": 17, ""failure_count"": 25, ""bucket_count"": 42, ""observed_success_count"": 103, ""observed_failure_count"": 185, ""p_given_success"": 0.16822429906542055, ""p_given_failure"": 0.13756613756613756, ""likelihood_ratio"": 1.222861250898634, ""log_likelihood_ratio"": 0.20119340047241896, ""low_sample_warning"": false, ""direction"": ""positive""}","{""feature"": ""support_source_count_bucket"", ""raw_value"": 1.0, ""bucket"": ""1"", ""success_count"": 58, ""failure_count"": 115, ""bucket_count"": 173, ""observed_success_count"": 103, ""observed_failure_count"": 185, ""p_given_success"": 0.5514018691588785, ""p_given_failure"": 0.6137566137566137, ""likelihood_ratio"": 0.8984047695778279, ""log_likelihood_ratio"": -0.10713456660290904, ""low_sample_warning"": false, ""direction"": ""negative""}"
2408,1d,2026-07-16T16:00:00+00:00,397.9,405.55,2026-07-30T16:00:00+00:00,0.3586206896551724,0.43574325113527723,0.3586206896551724,failure,ready,288,2026-07-09T16:00:00+00:00,7,1,"[{""feature"": ""current_touch_number_bucket"", ""raw_value"": 2.0, ""bucket"": ""2"", ""success_count"": 10, ""failure_count"": 12, ""bucket_count"": 22, ""observed_success_count"": 103, ""observed_failure_count"": 185, ""p_given_success"": 0.102803738317757, ""p_given_failure"": 0.06878306878306878, ""likelihood_ratio"": 1.494608195542775, ""log_likelihood_ratio"": 0.4018640959345703, ""low_sample_warning"": false, ""direction"": ""positive""}, {""feature"": ""touch_volume_level"", ""raw_value"": ""normal"", ""bucket"": ""normal"", ""success_count"": 33, ""failure_count"": 58, ""bucket_count"": 91, ""observed_success_count"": 103, ""observed_failure_count"": 185, ""p_given_success"": 0.3177570093457944, ""p_given_failure"": 0.31216931216931215, ""likelihood_ratio"": 1.0178995723111042, ""log_likelihood_ratio"": 0.017741261308178213, ""low_sample_warning"": false, ""direction"": ""neutral""}, {""feature"": ""volatility_level"", ""raw_value"": ""極高波動"", ""bucket"": ""極高波動"", ""success_count"": 19, ""failure_count"": 32, ""bucket_count"": 51, ""observed_success_count"": 103, ""observed_failure_count"": 185, ""p_given_success"": 0.18691588785046728, ""p_given_failure"": 0.1746031746031746, ""likelihood_ratio"": 1.070518266779949, ""log_likelihood_ratio"": 0.06814289268524698, ""low_sample_warning"": false, ""direction"": ""neutral""}, {""feature"": ""support_source_count_bucket"", ""raw_value"": 1.0, ""bucket"": ""1"", ""success_count"": 58, ""failure_count"": 115, ""bucket_count"": 173, ""observed_success_count"": 103, ""observed_failure_count"": 185, ""p_given_success"": 0.5514018691588785, ""p_given_failure"": 0.6137566137566137, ""likelihood_ratio"": 0.8984047695778279, ""log_likelihood_ratio"": -0.10713456660290904, ""low_sample_warning"": false, ""direction"": ""negative""}, {""feature"": ""distance_to_support_atr_bucket"", ""raw_value"": 0.0700231489575492, ""bucket"": ""<=0.25"", ""success_count"": 55, ""failure_count"": 102, ""bucket_count"": 157, ""observed_success_count"": 103, ""observed_failure_count"": 185, ""p_given_success"": 0.5233644859813084, ""p_given_failure"": 0.544973544973545, ""likelihood_ratio"": 0.960348425732692, ""log_likelihood_ratio"": -0.04045911689675041, ""low_sample_warning"": false, ""direction"": ""neutral""}, {""feature"": ""zone_width_atr_bucket"", ""raw_value"": 0.2231987873021914, ""bucket"": ""<0.5"", ""success_count"": 96, ""failure_count"": 179, ""bucket_count"": 275, ""observed_success_count"": 103, ""observed_failure_count"": 185, ""p_given_success"": 0.9065420560747663, ""p_given_failure"": 0.9523809523809523, ""likelihood_ratio"": 0.9518691588785048, ""log_likelihood_ratio"": -0.049327691789091306, ""low_sample_warning"": false, ""direction"": ""neutral""}, {""feature"": ""bars_since_last_touch_bucket"", ""raw_value"": 12.0, ""bucket"": ""6-20"", ""success_count"": 50, ""failure_count"": 89, ""bucket_count"": 139, ""observed_success_count"": 86, ""observed_failure_count"": 160, ""p_given_success"": 0.5666666666666667, ""p_given_failure"": 0.5487804878048781, ""likelihood_ratio"": 1.0325925925925925, ""log_likelihood_ratio"": 0.03207271988799398, ""low_sample_warning"": false, ""direction"": ""neutral""}]","{""feature"": ""current_touch_number_bucket"", ""raw_value"": 2.0, ""bucket"": ""2"", ""success_count"": 10, ""failure_count"": 12, ""bucket_count"": 22, ""observed_success_count"": 103, ""observed_failure_count"": 185, ""p_given_success"": 0.102803738317757, ""p_given_failure"": 0.06878306878306878, ""likelihood_ratio"": 1.494608195542775, ""log_likelihood_ratio"": 0.4018640959345703, ""low_sample_warning"": false, ""direction"": ""positive""}","{""feature"": ""support_source_count_bucket"", ""raw_value"": 1.0, ""bucket"": ""1"", ""success_count"": 58, ""failure_count"": 115, ""bucket_count"": 173, ""observed_success_count"": 103, ""observed_failure_count"": 185, ""p_given_success"": 0.5514018691588785, ""p_given_failure"": 0.6137566137566137, ""likelihood_ratio"": 0.8984047695778279, ""log_likelihood_ratio"": -0.10713456660290904, ""low_sample_warning"": false, ""direction"": ""negative""}"
2408,1d,2026-07-26T16:00:00+00:00,379.698,381.302,2026-08-09T16:00:00+00:00,0.36082474226804123,0.39714837821834426,0.36082474226804123,failure,ready,289,2026-07-16T16:00:00+00:00,8,0,"[{""feature"": ""current_touch_number_bucket"", ""raw_value"": 3.0, ""bucket"": ""3"", ""success_count"": 3, ""failure_count"": 10, ""bucket_count"": 13, ""observed_success_count"": 104, ""observed_failure_count"": 185, ""p_given_success"": 0.037037037037037035, ""p_given_failure"": 0.0582010582010582, ""likelihood_ratio"": 0.6363636363636364, ""log_likelihood_ratio"": -0.4519851237430572, ""low_sample_warning"": false, ""direction"": ""negative""}, {""feature"": ""touch_rebound_trend"", ""raw_value"": ""strengthening"", ""bucket"": ""strengthening"", ""success_count"": 26, ""failure_count"": 54, ""bucket_count"": 80, ""observed_success_count"": 64, ""observed_failure_count"": 140, ""p_given_success"": 0.40298507462686567, ""p_given_failure"": 0.38461538461538464, ""likelihood_ratio"": 1.0477611940298506, ""log_likelihood_ratio"": 0.0466556916407993, ""low_sample_warning"": false, ""direction"": ""neutral""}, {""feature"": ""touch_volume_level"", ""raw_value"": ""normal"", ""bucket"": ""normal"", ""success_count"": 33, ""failure_count"": 58, ""bucket_count"": 91, ""observed_success_count"": 104, ""observed_failure_count"": 185, ""p_given_success"": 0.3148148148148148, ""p_given_failure"": 0.31216931216931215, ""likelihood_ratio"": 1.0084745762711866, ""log_likelihood_ratio"": 0.008438868645864739, ""low_sample_warning"": false, ""direction"": ""neutral""}, {""feature"": ""volatility_level"", ""raw_value"": ""極高波動"", ""bucket"": ""極高波動"", ""success_count"": 20, ""failure_count"": 32, ""bucket_count"": 52, ""observed_success_count"": 104, ""observed_failure_count"": 185, ""p_given_success"": 0.19444444444444445, ""p_given_failure"": 0.1746031746031746, ""likelihood_ratio"": 1.1136363636363638, ""log_likelihood_ratio"": 0.10763066419236544, ""low_sample_warning"": false, ""direction"": ""positive""}, {""feature"": ""support_source_count_bucket"", ""raw_value"": 1.0, ""bucket"": ""1"", ""success_count"": 59, ""failure_count"": 115, ""bucket_count"": 174, ""observed_success_count"": 104, ""observed_failure_count"": 185, ""p_given_success"": 0.5555555555555556, ""p_given_failure"": 0.6137566137566137, ""likelihood_ratio"": 0.9051724137931035, ""log_likelihood_ratio"": -0.09962984094884114, ""low_sample_warning"": false, ""direction"": ""neutral""}, {""feature"": ""distance_to_support_atr_bucket"", ""raw_value"": 1.5377178001921532, ""bucket"": "">1"", ""success_count"": 8, ""failure_count"": 8, ""bucket_count"": 16, ""observed_success_count"": 104, ""observed_failure_count"": 185, ""p_given_success"": 0.08333333333333333, ""p_given_failure"": 0.047619047619047616, ""likelihood_ratio"": 1.75, ""log_likelihood_ratio"": 0.5596157879354227, ""low_sample_warning"": false, ""direction"": ""positive""}, {""feature"": ""zone_width_atr_bucket"", ""raw_value"": 0.0450930445630238, ""bucket"": ""<0.5"", ""success_count"": 97, ""failure_count"": 179, ""bucket_count"": 276, ""observed_success_count"": 104, ""observed_failure_count"": 185, ""p_given_success"": 0.9074074074074074, ""p_given_failure"": 0.9523809523809523, ""likelihood_ratio"": 0.9527777777777778, ""log_likelihood_ratio"": -0.04837358428421568, ""low_sample_warning"": false, ""direction"": ""neutral""}, {""feature"": ""bars_since_last_touch_bucket"", ""raw_value"": 6.0, ""bucket"": ""6-20"", ""success_count"": 50, ""failure_count"": 89, ""bucket_count"": 139, ""observed_success_count"": 86, ""observed_failure_count"": 160, ""p_given_success"": 0.5666666666666667, ""p_given_failure"": 0.5487804878048781, ""likelihood_ratio"": 1.0325925925925925, ""log_likelihood_ratio"": 0.03207271988799398, ""low_sample_warning"": false, ""direction"": ""neutral""}]","{""feature"": ""distance_to_support_atr_bucket"", ""raw_value"": 1.5377178001921532, ""bucket"": "">1"", ""success_count"": 8, ""failure_count"": 8, ""bucket_count"": 16, ""observed_success_count"": 104, ""observed_failure_count"": 185, ""p_given_success"": 0.08333333333333333, ""p_given_failure"": 0.047619047619047616, ""likelihood_ratio"": 1.75, ""log_likelihood_ratio"": 0.5596157879354227, ""low_sample_warning"": false, ""direction"": ""positive""}","{""feature"": ""current_touch_number_bucket"", ""raw_value"": 3.0, ""bucket"": ""3"", ""success_count"": 3, ""failure_count"": 10, ""bucket_count"": 13, ""observed_success_count"": 104, ""observed_failure_count"": 185, ""p_given_success"": 0.037037037037037035, ""p_given_failure"": 0.0582010582010582, ""likelihood_ratio"": 0.6363636363636364, ""log_likelihood_ratio"": -0.4519851237430572, ""low_sample_warning"": false, ""direction"": ""negative""}"
2408,1d,2026-07-29T16:00:00+00:00,309.0,315.125,2026-08-12T16:00:00+00:00,0.36082474226804123,0.3150718394985429,0.36082474226804123,success,ready,289,2026-07-16T16:00:00+00:00,6,2,"[{""feature"": ""current_touch_number_bucket"", ""raw_value"": 1.0, ""bucket"": ""1"", ""success_count"": 18, ""failure_count"": 25, ""bucket_count"": 43, ""observed_success_count"": 104, ""observed_failure_count"": 185, ""p_given_success"": 0.17592592592592593, ""p_given_failure"": 0.13756613756613756, ""likelihood_ratio"": 1.278846153846154, ""log_likelihood_ratio"": 0.24595822908038123, ""low_sample_warning"": false, ""direction"": ""positive""}, {""feature"": ""touch_volume_level"", ""raw_value"": ""elevated"", ""bucket"": ""elevated"", ""success_count"": 20, ""failure_count"": 46, ""bucket_count"": 66, ""observed_success_count"": 104, ""observed_failure_count"": 185, ""p_given_success"": 0.19444444444444445, ""p_given_failure"": 0.24867724867724866, ""likelihood_ratio"": 0.7819148936170214, ""log_likelihood_ratio"": -0.24600937605121276, ""low_sample_warning"": false, ""direction"": ""negative""}, {""feature"": ""volatility_level"", ""raw_value"": ""極高波動"", ""bucket"": ""極高波動"", ""success_count"": 20, ""failure_count"": 32, ""bucket_count"": 52, ""observed_success_count"": 104, ""observed_failure_count"": 185, ""p_given_success"": 0.19444444444444445, ""p_given_failure"": 0.1746031746031746, ""likelihood_ratio"": 1.1136363636363638, ""log_likelihood_ratio"": 0.10763066419236544, ""low_sample_warning"": false, ""direction"": ""positive""}, {""feature"": ""support_source_count_bucket"", ""raw_value"": 1.0, ""bucket"": ""1"", ""success_count"": 59, ""failure_count"": 115, ""bucket_count"": 174, ""observed_success_count"": 104, ""observed_failure_count"": 185, ""p_given_success"": 0.5555555555555556, ""p_given_failure"": 0.6137566137566137, ""likelihood_ratio"": 0.9051724137931035, ""log_likelihood_ratio"": -0.09962984094884114, ""low_sample_warning"": false, ""direction"": ""neutral""}, {""feature"": ""distance_to_support_atr_bucket"", ""raw_value"": 0.3430441008626296, ""bucket"": ""(0.25,0.5]"", ""success_count"": 15, ""failure_count"": 32, ""bucket_count"": 47, ""observed_success_count"": 104, ""observed_failure_count"": 185, ""p_given_success"": 0.14814814814814814, ""p_given_failure"": 0.1746031746031746, ""likelihood_ratio"": 0.8484848484848485, ""log_likelihood_ratio"": -0.16430305129127643, ""low_sample_warning"": false, ""direction"": ""negative""}, {""feature"": ""zone_width_atr_bucket"", ""raw_value"": 0.163195737303581, ""bucket"": ""<0.5"", ""success_count"": 97, ""failure_count"": 179, ""bucket_count"": 276, ""observed_success_count"": 104, ""observed_failure_count"": 185, ""p_given_success"": 0.9074074074074074, ""p_given_failure"": 0.9523809523809523, ""likelihood_ratio"": 0.9527777777777778, ""log_likelihood_ratio"": -0.04837358428421568, ""low_sample_warning"": false, ""direction"": ""neutral""}]","{""feature"": ""current_touch_number_bucket"", ""raw_value"": 1.0, ""bucket"": ""1"", ""success_count"": 18, ""failure_count"": 25, ""bucket_count"": 43, ""observed_success_count"": 104, ""observed_failure_count"": 185, ""p_given_success"": 0.17592592592592593, ""p_given_failure"": 0.13756613756613756, ""likelihood_ratio"": 1.278846153846154, ""log_likelihood_ratio"": 0.24595822908038123, ""low_sample_warning"": false, ""direction"": ""positive""}","{""feature"": ""touch_volume_level"", ""raw_value"": ""elevated"", ""bucket"": ""elevated"", ""success_count"": 20, ""failure_count"": 46, ""bucket_count"": 66, ""observed_success_count"": 104, ""observed_failure_count"": 185, ""p_given_success"": 0.19444444444444445, ""p_given_failure"": 0.24867724867724866, ""likelihood_ratio"": 0.7819148936170214, ""log_likelihood_ratio"": -0.24600937605121276, ""low_sample_warning"": false, ""direction"": ""negative""}"
2408,1d,2026-07-29T16:00:00+00:00,339.625,345.75,2026-08-12T16:00:00+00:00,0.36082474226804123,0.33755477817383805,0.36082474226804123,success,ready,289,2026-07-16T16:00:00+00:00,7,1,"[{""feature"": ""current_touch_number_bucket"", ""raw_value"": 2.0, ""bucket"": ""2"", ""success_count"": 10, ""failure_count"": 12, ""bucket_count"": 22, ""observed_success_count"": 104, ""observed_failure_count"": 185, ""p_given_success"": 0.10185185185185185, ""p_given_failure"": 0.06878306878306878, ""likelihood_ratio"": 1.4807692307692308, ""log_likelihood_ratio"": 0.3925617032722566, ""low_sample_warning"": false, ""direction"": ""positive""}, {""feature"": ""touch_volume_level"", ""raw_value"": ""elevated"", ""bucket"": ""elevated"", ""success_count"": 20, ""failure_count"": 46, ""bucket_count"": 66, ""observed_success_count"": 104, ""observed_failure_count"": 185, ""p_given_success"": 0.19444444444444445, ""p_given_failure"": 0.24867724867724866, ""likelihood_ratio"": 0.7819148936170214, ""log_likelihood_ratio"": -0.24600937605121276, ""low_sample_warning"": false, ""direction"": ""negative""}, {""feature"": ""volatility_level"", ""raw_value"": ""極高波動"", ""bucket"": ""極高波動"", ""success_count"": 20, ""failure_count"": 32, ""bucket_count"": 52, ""observed_success_count"": 104, ""observed_failure_count"": 185, ""p_given_success"": 0.19444444444444445, ""p_given_failure"": 0.1746031746031746, ""likelihood_ratio"": 1.1136363636363638, ""log_likelihood_ratio"": 0.10763066419236544, ""low_sample_warning"": false, ""direction"": ""positive""}, {""feature"": ""support_source_count_bucket"", ""raw_value"": 1.0, ""bucket"": ""1"", ""success_count"": 59, ""failure_count"": 115, ""bucket_count"": 174, ""observed_success_count"": 104, ""observed_failure_count"": 185, ""p_given_success"": 0.5555555555555556, ""p_given_failure"": 0.6137566137566137, ""likelihood_ratio"": 0.9051724137931035, ""log_likelihood_ratio"": -0.09962984094884114, ""low_sample_warning"": false, ""direction"": ""neutral""}, {""feature"": ""distance_to_support_atr_bucket"", ""raw_value"": 0.3097388483516947, ""bucket"": ""(0.25,0.5]"", ""success_count"": 15, ""failure_count"": 32, ""bucket_count"": 47, ""observed_success_count"": 104, ""observed_failure_count"": 185, ""p_given_success"": 0.14814814814814814, ""p_given_failure"": 0.1746031746031746, ""likelihood_ratio"": 0.8484848484848485, ""log_likelihood_ratio"": -0.16430305129127643, ""low_sample_warning"": false, ""direction"": ""negative""}, {""feature"": ""zone_width_atr_bucket"", ""raw_value"": 0.163195737303581, ""bucket"": ""<0.5"", ""success_count"": 97, ""failure_count"": 179, ""bucket_count"": 276, ""observed_success_count"": 104, ""observed_failure_count"": 185, ""p_given_success"": 0.9074074074074074, ""p_given_failure"": 0.9523809523809523, ""likelihood_ratio"": 0.9527777777777778, ""log_likelihood_ratio"": -0.04837358428421568, ""low_sample_warning"": false, ""direction"": ""neutral""}, {""feature"": ""bars_since_last_touch_bucket"", ""raw_value"": 37.0, ""bucket"": ""21-60"", ""success_count"": 20, ""failure_count"": 39, ""bucket_count"": 59, ""observed_success_count"": 86, ""observed_failure_count"": 160, ""p_given_success"": 0.23333333333333334, ""p_given_failure"": 0.24390243902439024, ""likelihood_ratio"": 0.9566666666666667, ""log_likelihood_ratio"": -0.04430025889657996, ""low_sample_warning"": false, ""direction"": ""neutral""}]","{""feature"": ""current_touch_number_bucket"", ""raw_value"": 2.0, ""bucket"": ""2"", ""success_count"": 10, ""failure_count"": 12, ""bucket_count"": 22, ""observed_success_count"": 104, ""observed_failure_count"": 185, ""p_given_success"": 0.10185185185185185, ""p_given_failure"": 0.06878306878306878, ""likelihood_ratio"": 1.4807692307692308, ""log_likelihood_ratio"": 0.3925617032722566, ""low_sample_warning"": false, ""direction"": ""positive""}","{""feature"": ""touch_volume_level"", ""raw_value"": ""elevated"", ""bucket"": ""elevated"", ""success_count"": 20, ""failure_count"": 46, ""bucket_count"": 66, ""observed_success_count"": 104, ""observed_failure_count"": 185, ""p_given_success"": 0.19444444444444445, ""p_given_failure"": 0.24867724867724866, ""likelihood_ratio"": 0.7819148936170214, ""log_likelihood_ratio"": -0.24600937605121276, ""low_sample_warning"": false, ""direction"": ""negative""}"
2408,1d,2026-08-10T16:00:00+00:00,488.496,495.0056723340766,2026-08-24T16:00:00+00:00,0.35714285714285715,0.35296177589324973,0.35714285714285715,neutral,ready,292,2026-08-09T16:00:00+00:00,6,2,"[{""feature"": ""current_touch_number_bucket"", ""raw_value"": 1.0, ""bucket"": ""1"", ""success_count"": 18, ""failure_count"": 26, ""bucket_count"": 44, ""observed_success_count"": 104, ""observed_failure_count"": 188, ""p_given_success"": 0.17592592592592593, ""p_given_failure"": 0.140625, ""likelihood_ratio"": 1.2510288065843622, ""log_likelihood_ratio"": 0.22396625806567316, ""low_sample_warning"": false, ""direction"": ""positive""}, {""feature"": ""touch_volume_level"", ""raw_value"": ""elevated"", ""bucket"": ""elevated"", ""success_count"": 20, ""failure_count"": 46, ""bucket_count"": 66, ""observed_success_count"": 104, ""observed_failure_count"": 188, ""p_given_success"": 0.19444444444444445, ""p_given_failure"": 0.24479166666666666, ""likelihood_ratio"": 0.7943262411347518, ""log_likelihood_ratio"": -0.23026101908307361, ""low_sample_warning"": false, ""direction"": ""negative""}, {""feature"": ""volatility_level"", ""raw_value"": ""極高波動"", ""bucket"": ""極高波動"", ""success_count"": 20, ""failure_count"": 35, ""bucket_count"": 55, ""observed_success_count"": 104, ""observed_failure_count"": 188, ""p_given_success"": 0.19444444444444445, ""p_given_failure"": 0.1875, ""likelihood_ratio"": 1.037037037037037, ""log_likelihood_ratio"": 0.0363676441708749, ""low_sample_warning"": false, ""direction"": ""neutral""}, {""feature"": ""support_source_count_bucket"", ""raw_value"": 2.0, ""bucket"": ""2"", ""success_count"": 34, ""failure_count"": 59, ""bucket_count"": 93, ""observed_success_count"": 104, ""observed_failure_count"": 188, ""p_given_success"": 0.32407407407407407, ""p_given_failure"": 0.3125, ""likelihood_ratio"": 1.037037037037037, ""log_likelihood_ratio"": 0.0363676441708749, ""low_sample_warning"": false, ""direction"": ""neutral""}, {""feature"": ""distance_to_support_atr_bucket"", ""raw_value"": 0.0, ""bucket"": ""<=0.25"", ""success_count"": 56, ""failure_count"": 104, ""bucket_count"": 160, ""observed_success_count"": 104, ""observed_failure_count"": 188, ""p_given_success"": 0.5277777777777778, ""p_given_failure"": 0.546875, ""likelihood_ratio"": 0.9650793650793651, ""log_likelihood_ratio"": -0.03554493741941134, ""low_sample_warning"": false, ""direction"": ""neutral""}, {""feature"": ""zone_width_atr_bucket"", ""raw_value"": 0.1851215456569228, ""bucket"": ""<0.5"", ""success_count"": 97, ""failure_count"": 182, ""bucket_count"": 279, ""observed_success_count"": 104, ""observed_failure_count"": 188, ""p_given_success"": 0.9074074074074074, ""p_given_failure"": 0.953125, ""likelihood_ratio"": 0.9520340012143291, ""log_likelihood_ratio"": -0.04915452926728713, ""low_sample_warning"": false, ""direction"": ""neutral""}]","{""feature"": ""current_touch_number_bucket"", ""raw_value"": 1.0, ""bucket"": ""1"", ""success_count"": 18, ""failure_count"": 26, ""bucket_count"": 44, ""observed_success_count"": 104, ""observed_failure_count"": 188, ""p_given_success"": 0.17592592592592593, ""p_given_failure"": 0.140625, ""likelihood_ratio"": 1.2510288065843622, ""log_likelihood_ratio"": 0.22396625806567316, ""low_sample_warning"": false, ""direction"": ""positive""}","{""feature"": ""touch_volume_level"", ""raw_value"": ""elevated"", ""bucket"": ""elevated"", ""success_count"": 20, ""failure_count"": 46, ""bucket_count"": 66, ""observed_success_count"": 104, ""observed_failure_count"": 188, ""p_given_success"": 0.19444444444444445, ""p_given_failure"": 0.24479166666666666, ""likelihood_ratio"": 0.7943262411347518, ""log_likelihood_ratio"": -0.23026101908307361, ""low_sample_warning"": false, ""direction"": ""negative""}"
2408,1d,2026-08-23T16:00:00+00:00,509.2908970461191,518.35,2026-09-06T16:00:00+00:00,0.3614864864864865,0.4894338742548113,0.3614864864864865,failure,ready,294,2026-08-12T16:00:00+00:00,6,2,"[{""feature"": ""current_touch_number_bucket"", ""raw_value"": 1.0, ""bucket"": ""1"", ""success_count"": 19, ""failure_count"": 26, ""bucket_count"": 45, ""observed_success_count"": 106, ""observed_failure_count"": 188, ""p_given_success"": 0.18181818181818182, ""p_given_failure"": 0.140625, ""likelihood_ratio"": 1.292929292929293, ""log_likelihood_ratio"": 0.2569104137850271, ""low_sample_warning"": false, ""direction"": ""positive""}, {""feature"": ""touch_volume_level"", ""raw_value"": ""normal"", ""bucket"": ""normal"", ""success_count"": 33, ""failure_count"": 61, ""bucket_count"": 94, ""observed_success_count"": 106, ""observed_failure_count"": 188, ""p_given_success"": 0.3090909090909091, ""p_given_failure"": 0.3229166666666667, ""likelihood_ratio"": 0.9571847507331378, ""log_likelihood_ratio"": -0.043758854193564956, ""low_sample_warning"": false, ""direction"": ""neutral""}, {""feature"": ""volatility_level"", ""raw_value"": ""極高波動"", ""bucket"": ""極高波動"", ""success_count"": 22, ""failure_count"": 35, ""bucket_count"": 57, ""observed_success_count"": 106, ""observed_failure_count"": 188, ""p_given_success"": 0.20909090909090908, ""p_given_failure"": 0.1875, ""likelihood_ratio"": 1.115151515151515, ""log_likelihood_ratio"": 0.10899028370840491, ""low_sample_warning"": false, ""direction"": ""positive""}, {""feature"": ""support_source_count_bucket"", ""raw_value"": 3.0, ""bucket"": ""3"", ""success_count"": 6, ""failure_count"": 8, ""bucket_count"": 14, ""observed_success_count"": 106, ""observed_failure_count"": 188, ""p_given_success"": 0.06363636363636363, ""p_given_failure"": 0.046875, ""likelihood_ratio"": 1.3575757575757574, ""log_likelihood_ratio"": 0.30570057795445926, ""low_sample_warning"": false, ""direction"": ""positive""}, {""feature"": ""distance_to_support_atr_bucket"", ""raw_value"": 0.2350290935838115, ""bucket"": ""<=0.25"", ""success_count"": 56, ""failure_count"": 104, ""bucket_count"": 160, ""observed_success_count"": 106, ""observed_failure_count"": 188, ""p_given_success"": 0.5181818181818182, ""p_given_failure"": 0.546875, ""likelihood_ratio"": 0.9475324675324676, ""log_likelihood_ratio"": -0.05389407608760788, ""low_sample_warning"": false, ""direction"": ""neutral""}, {""feature"": ""zone_width_atr_bucket"", ""raw_value"": 0.2568060782915775, ""bucket"": ""<0.5"", ""success_count"": 99, ""failure_count"": 182, ""bucket_count"": 281, ""observed_success_count"": 106, ""observed_failure_count"": 188, ""p_given_success"": 0.9090909090909091, ""p_given_failure"": 0.953125, ""likelihood_ratio"": 0.9538002980625931, ""log_likelihood_ratio"": -0.04730096061796429, ""low_sample_warning"": false, ""direction"": ""neutral""}]","{""feature"": ""support_source_count_bucket"", ""raw_value"": 3.0, ""bucket"": ""3"", ""success_count"": 6, ""failure_count"": 8, ""bucket_count"": 14, ""observed_success_count"": 106, ""observed_failure_count"": 188, ""p_given_success"": 0.06363636363636363, ""p_given_failure"": 0.046875, ""likelihood_ratio"": 1.3575757575757574, ""log_likelihood_ratio"": 0.30570057795445926, ""low_sample_warning"": false, ""direction"": ""positive""}",null
